Rank,Tier,Player,Team,Pos,Eligible,Pos Rank,Pos Tier,Age,Sum z,Score,Value,ESPN ADP,Status,Games missed,Availability,Group,Role,GP,GS,W,SO,GAA,SV%,Saves above avg,Goals prevented,Sources
1,1,Andrei Vasilevskiy,TBL,G,G,1,1,32,5.6,13.0,13.0,21.3,ACTIVE,0,,Starter,Solid,59.0,58.8,36.1,4.4,2.46,0.912,13.0,13.6,6
2,2,Logan Thompson,WSH,G,G,2,2,29,3.4,8.0,8.0,51.0,ACTIVE,0,,Starter,Solid,56.0,55.0,31.9,3.8,2.539,0.91,9.9,8.5,6
3,3,Scott Wedgewood,COL,G,G,3,3,34,1.9,4.5,4.5,46.4,ACTIVE,0,,Split,Split,42.0,41.5,26.2,3.3,2.41,0.91,7.6,11.9,6
4,4,Jake Oettinger,DAL,G,G,4,4,27,1.5,3.6,3.6,43.8,DAY_TO_DAY,0,Lower-body tightness; precautionary scratch. Awaiting reassessment.,Starter,Solid,55.0,54.9,33.1,3.3,2.64,0.899,-6.4,2.9,6
5,4,Igor Shesterkin,NYR,G,G,5,4,30,1.4,3.3,3.3,89.7,ACTIVE,0,,Starter,Solid,55.0,54.7,27.8,3.3,2.641,0.907,5.8,2.9,6
6,5,Ilya Sorokin,NYI,G,G,6,5,31,0.9,2.2,2.2,78.4,ACTIVE,0,,Starter,Solid,58.0,58.2,29.2,3.1,2.762,0.907,6.2,-4.0,6
7,5,Connor Hellebuyck,WPG,G,G,7,5,33,0.8,1.9,1.9,118.3,SUSPENSION,15,"Goalie. Suspended by WPG for not reporting to camp (Sep 17) after a public trade request; GM: no timeline, 'in no rush'; interest from CAR, FLA, BUF, SJ; has a no-trade clause. Expected ~15 games missed (0 if traded before the opener, more if the standoff drags on).",Starter,Solid,49.0,48.3,25.0,3.2,2.569,0.907,4.1,6.0,6
8,6,Karel Vejmelka,UTA,G,G,8,6,30,0.5,1.1,1.1,79.7,ACTIVE,0,,Starter,Solid,60.0,58.1,31.5,3.0,2.773,0.901,-4.0,-4.7,6
9,7,Jet Greaves,CBJ,G,G,9,7,25,0.2,0.4,0.4,185.6,ACTIVE,0,,Starter,Solid,52.0,51.4,26.0,2.8,2.751,0.909,7.5,-3.0,6
10,7,Jeremy Swayman,BOS,G,G,10,7,27,0.1,0.3,0.3,95.7,ACTIVE,0,,Starter,Solid,56.0,55.7,28.2,2.9,2.776,0.905,1.6,-4.6,6
11,7,Brandon Bussi,CAR,G,G,11,7,28,0.1,0.3,0.3,123.5,ACTIVE,0,,Split,Split,44.0,43.8,27.7,2.9,2.57,0.897,-7.6,5.4,6
12,8,Dan Vladar,PHI,G,G,12,8,29,-0.4,-0.8,-0.8,175.8,OUT,0,"Upper-body injury; day-to-day, opener possible.",Split,Fighting,49.0,47.9,25.6,2.8,2.688,0.903,-1.2,0.2,6
13,9,Mackenzie Blackwood,COL,G,G,13,9,29,-0.6,-1.5,-1.5,135.2,ACTIVE,0,,Split,Split,42.0,40.6,23.2,2.5,2.627,0.905,1.8,2.7,6
14,9,John Gibson,DET,G,G,14,9,33,-0.8,-1.8,-1.8,156.9,ACTIVE,0,,Starter,Solid,53.0,52.7,25.7,2.7,2.797,0.904,-0.1,-5.5,6
15,9,Darcy Kuemper,LAK,G,G,15,9,36,-0.9,-2.1,-2.1,177.8,ACTIVE,0,,Split,Fighting,48.0,48.3,23.8,2.8,2.674,0.9,-4.9,0.9,6
16,9,Linus Ullmark,OTT,G,G,16,9,33,-1.0,-2.3,-2.3,113.1,ACTIVE,0,,Starter,Solid,48.0,48.2,25.9,2.6,2.739,0.899,-5.8,-2.2,6
17,10,Jesper Wallstedt,MIN,G,G,17,10,23,-1.3,-3.0,-3.0,152.8,ACTIVE,0,,Starter,Solid,44.0,43.5,23.3,2.3,2.777,0.906,2.5,-3.6,6
18,10,Joel Hofer,STL,G,G,18,10,26,-1.3,-3.1,-3.1,140.6,ACTIVE,0,,Split,Fighting,45.0,42.7,23.1,2.3,2.733,0.904,0.0,-1.8,6
19,10,Jakub Dobes,MTL,G,G,19,10,25,-1.4,-3.3,-3.3,140.0,ACTIVE,0,,Starter,Solid,45.0,44.7,25.5,2.2,2.809,0.902,-2.5,-5.2,6
20,10,Pyotr Kochetkov,CAR,G,G,20,10,27,-1.5,-3.6,-3.6,,ACTIVE,0,,Split,Split,37.0,36.4,21.1,2.4,2.574,0.899,-4.4,4.4,5
21,10,Carter Hart,VGK,G,G,21,10,28,-1.6,-3.7,-3.7,153.5,ACTIVE,0,,Starter,Solid,48.0,47.8,25.0,2.6,2.75,0.896,-9.8,-2.7,6
22,10,Ukko-Pekka Luukkonen,BUF,G,G,22,10,27,-1.6,-3.8,-3.8,153.4,ACTIVE,0,,Split,Split,43.0,42.6,23.6,2.2,2.769,0.902,-2.4,-3.2,5
23,11,Joey Daccord,SEA,G,G,23,11,30,-2.1,-4.9,-4.9,220.3,ACTIVE,0,,Split,Split,50.0,48.9,22.4,2.3,2.877,0.904,0.3,-9.0,6
24,11,Sergei Bobrovsky,TOR,G,G,24,11,38,-2.1,-5.0,-5.0,167.4,ACTIVE,0,,Split,Fighting,51.0,50.9,26.8,2.3,2.889,0.896,-11.1,-10.0,6
25,11,Spencer Knight,CHI,G,G,25,11,25,-2.1,-5.0,-5.0,191.8,ACTIVE,0,,Starter,Solid,55.0,53.4,23.0,2.5,2.861,0.901,-4.5,-9.1,6
26,11,Filip Gustavsson,,G,G,26,11,,-2.2,-5.1,-5.1,186.3,OUT,0,Recovering from hip surgery; reported early-November return. Wallstedt expected to handle the larger workload until then. Retaining source-projected workload without an additional missed-games deduction; review before draft.,Backup,Backup,39.0,36.4,20.6,1.9,2.794,0.907,3.1,-3.9,6
27,11,Dustin Wolf,CGY,G,G,27,11,25,-2.3,-5.4,-5.4,215.8,ACTIVE,0,,Starter,Solid,54.0,53.7,24.0,2.4,2.922,0.901,-4.0,-12.4,6
28,11,Jake Allen,NJD,G,G,28,11,36,-2.3,-5.4,-5.4,,ACTIVE,0,,Split,Fighting,44.0,43.0,21.6,2.1,2.834,0.903,-1.2,-6.2,6
29,11,Jacob Markstrom,FLA,G,G,29,11,36,-2.4,-5.6,-5.6,203.6,ACTIVE,0,,Split,Fighting,50.0,48.7,26.1,2.3,2.876,0.894,-13.1,-9.0,6
30,11,Anton Forsberg,LAK,G,G,30,11,33,-2.4,-5.6,-5.6,218.7,ACTIVE,0,,Split,Fighting,36.0,34.3,17.2,2.0,2.665,0.906,2.1,1.0,6
31,12,Casey DeSmith,DAL,G,G,31,12,35,-2.8,-6.5,-6.5,,ACTIVE,0,,Backup,Backup,29.0,28.1,15.1,1.9,2.572,0.907,2.4,3.5,5
32,13,Alex Lyon,BUF,G,G,32,13,33,-3.1,-7.1,-7.1,209.2,ACTIVE,0,,Split,Split,35.0,34.8,18.5,1.7,2.812,0.903,-0.4,-4.2,6
33,13,Anthony Stolarz,TOR,G,G,33,13,32,-3.2,-7.4,-7.4,,ACTIVE,0,,Split,Fighting,33.0,31.9,17.1,1.6,2.798,0.906,2.3,-3.4,5
34,13,Sergei Murashov,PIT,G,G,34,13,22,-3.2,-7.5,-7.5,103.7,ACTIVE,0,,Split,Fighting,42.0,41.7,21.0,1.9,2.899,0.899,-5.9,-8.6,4
35,14,Lukas Dostal,ANA,G,G,35,14,26,-3.5,-8.1,-8.1,214.9,ACTIVE,0,,Starter,Solid,56.0,54.8,27.7,2.0,3.088,0.895,-13.6,-22.1,6
36,15,Adin Hill,VGK,G,G,36,15,30,-3.7,-8.7,-8.7,,ACTIVE,0,,Backup,Backup,36.0,35.2,18.6,1.8,2.79,0.892,-10.9,-3.4,6
37,15,Akira Schmid,FLA,G,G,37,15,26,-3.8,-8.8,-8.8,,ACTIVE,0,,Split,Fighting,33.0,30.3,16.6,1.6,2.742,0.897,-5.9,-1.6,6
38,15,Juuse Saros,NSH,G,G,38,15,31,-3.8,-8.8,-8.8,180.3,ACTIVE,0,,Starter,Solid,60.0,59.3,27.5,2.1,3.11,0.895,-15.8,-24.8,6
39,15,Jacob Fowler,MTL,G,G,39,15,21,-3.9,-9.2,-9.2,,ACTIVE,0,,Backup,Backup,28.0,27.6,13.8,1.5,2.736,0.904,0.5,-1.2,5
40,15,Michael DiPietro,BOS,G,G,40,15,27,-4.7,-11.0,-11.0,,ACTIVE,0,,Backup,Backup,25.0,24.1,12.1,1.2,2.814,0.905,0.7,-3.0,5
41,15,Frederik Andersen,EDM,G,G,41,15,36,-4.7,-11.0,-11.0,,OUT,0,,Split,Fighting,32.0,31.8,15.9,1.5,2.86,0.891,-10.5,-5.3,6
42,15,Thatcher Demko,VAN,G,G,42,15,30,-4.7,-11.0,-11.0,,INJURY_RESERVE,0,,Split,Fighting,33.0,32.9,14.6,1.5,2.885,0.897,-6.3,-6.3,6
43,15,Devin Cooley,CGY,G,G,43,15,29,-4.9,-11.4,-11.4,,ACTIVE,0,,Backup,Backup,29.0,27.8,11.8,1.3,2.838,0.902,-1.2,-4.2,5
44,15,Jordan Binnington,STL,G,G,44,15,33,-4.9,-11.4,-11.4,,ACTIVE,0,,Split,Fighting,41.0,39.6,17.1,1.6,3.003,0.896,-9.2,-12.5,6
45,15,Joseph Woll,PHI,G,G,45,15,28,-5.0,-11.7,-11.7,,ACTIVE,0,,Split,Fighting,35.0,34.8,16.8,1.2,3.115,0.9,-3.4,-14.8,6
46,15,Stuart Skinner,WPG,G,G,46,15,27,-5.0,-11.7,-11.7,,ACTIVE,0,,Starter,Solid,29.0,25.3,14.3,1.2,2.869,0.894,-6.8,-5.1,6
47,15,Philipp Grubauer,SEA,G,G,47,15,34,-5.0,-11.7,-11.7,,ACTIVE,0,,Split,Split,32.0,29.6,13.6,1.2,2.955,0.901,-2.8,-8.2,6
48,15,Dennis Hildeby,TBL,G,G,48,15,25,-5.1,-11.8,-11.8,,ACTIVE,0,,Backup,Backup,25.0,23.6,11.9,1.1,2.867,0.902,-1.1,-4.3,4
49,15,Charlie Lindgren,WSH,G,G,49,15,32,-5.3,-12.4,-12.4,,ACTIVE,0,,Backup,Backup,30.0,30.0,14.9,1.2,3.028,0.896,-6.6,-10.0,4
50,15,Justus Annunen,NSH,G,G,50,15,26,-5.3,-12.4,-12.4,,ACTIVE,0,,Backup,Backup,26.0,24.3,11.9,1.1,2.874,0.898,-4.3,-4.7,5
51,15,Sebastian Cossa,UTA,G,G,51,15,23,-5.4,-12.7,-12.7,,ACTIVE,0,,Backup,Backup,26.0,25.6,13.5,1.1,2.962,0.895,-6.8,-7.0,5
52,15,Kevin Lankinen,VAN,G,G,52,15,31,-5.5,-12.8,-12.8,,ACTIVE,0,,Split,Fighting,43.0,43.2,18.2,1.6,3.087,0.891,-15.0,-16.9,5
53,15,Alex Nedeljkovic,SJS,G,G,53,15,30,-5.5,-12.8,-12.8,,ACTIVE,0,,Split,Fighting,36.0,32.9,15.7,1.2,3.067,0.896,-8.3,-13.2,6
54,15,Arturs Silovs,PIT,G,G,54,15,25,-5.5,-12.8,-12.8,,ACTIVE,0,,Split,Fighting,42.0,41.2,19.7,1.4,3.133,0.89,-15.9,-18.3,6
55,15,Tristan Jarry,EDM,G,G,55,15,31,-5.5,-12.9,-12.9,,ACTIVE,0,,Split,Fighting,34.0,33.4,17.6,1.2,3.121,0.891,-11.7,-14.6,6
56,15,Devon Levi,EDM,G,G,56,15,24,-5.7,-13.2,-13.2,,ACTIVE,0,,Split,Fighting,21.0,21.2,11.1,0.9,2.96,0.899,-2.6,-5.6,4
57,15,Nico Daws,NJD,G,G,57,15,25,-5.7,-13.3,-13.3,,ACTIVE,0,,Split,Fighting,26.0,24.7,11.6,1.0,2.994,0.899,-3.4,-7.7,5
58,15,Joonas Korpisalo,NYR,G,G,58,15,32,-5.7,-13.3,-13.3,,ACTIVE,0,,Backup,Backup,30.0,27.6,13.2,1.1,3.023,0.895,-6.6,-9.6,6
59,15,Yaroslav Askarov,SJS,G,G,59,15,24,-5.8,-13.4,-13.4,,ACTIVE,0,,Split,Fighting,46.0,46.0,21.4,1.4,3.255,0.893,-15.2,-25.6,6
60,15,David Rittich,NJD,G,G,60,15,34,-5.8,-13.6,-13.6,,ACTIVE,0,,Backup,Backup,30.0,27.7,13.8,1.1,3.015,0.892,-9.9,-9.6,2
61,15,Connor Ingram,,G,G,61,15,,-5.9,-13.9,-13.9,,ACTIVE,0,,Backup,Backup,18.0,18.2,10.0,0.9,2.85,0.893,-5.7,-2.8,4
62,15,Daniil Tarasov,DET,G,G,62,15,27,-6.0,-13.9,-13.9,,ACTIVE,0,,Backup,Backup,30.0,29.7,13.1,1.1,3.1,0.896,-6.5,-12.3,5
63,15,Sam Montembeault,,G,G,63,15,,-6.0,-14.1,-14.1,,ACTIVE,0,,Backup,Backup,32.0,31.5,15.8,1.3,2.995,0.882,-19.6,-9.4,2
64,15,Ville Husso,ANA,G,G,64,15,31,-6.2,-14.5,-14.5,,ACTIVE,0,,Backup,Backup,27.0,26.7,12.8,1.0,3.09,0.892,-9.4,-10.5,3
65,15,Eric Comrie,SJS,G,G,65,15,31,-6.3,-14.7,-14.7,,ACTIVE,0,,Backup,Backup,15.0,14.7,6.8,0.7,2.853,0.903,-0.3,-2.3,3
66,15,Semyon Varlamov,NYI,G,G,66,15,38,-6.4,-15.0,-15.0,,ACTIVE,0,,Backup,Backup,16.0,15.2,8.3,0.6,2.947,0.895,-3.9,-4.0,3
67,15,Cam Talbot,CBJ,G,G,67,15,39,-6.4,-15.0,-15.0,,ACTIVE,0,,Backup,Backup,25.0,21.8,10.7,0.8,3.031,0.892,-7.9,-8.4,3
68,15,Joel Blomqvist,,G,G,68,15,,-6.5,-15.1,-15.1,,ACTIVE,0,,Backup,Backup,19.0,19.0,8.9,0.7,3.115,0.9,-2.0,-8.0,2
69,15,Samuel Ersson,OTT,G,G,69,15,26,-6.5,-15.2,-15.2,,ACTIVE,0,,Backup,Backup,34.0,32.7,15.8,1.2,3.106,0.881,-20.0,-13.9,5
70,15,Elvis Merzlikins,CBJ,G,G,70,15,32,-6.7,-15.6,-15.6,,OUT,0,,Backup,Backup,33.0,27.1,13.8,0.9,3.169,0.889,-12.0,-15.6,4
71,15,Matt Murray,NSH,G,G,71,15,28,-6.7,-15.7,-15.7,,ACTIVE,0,,Backup,Backup,12.0,9.0,0.0,0.8,2.34,0.918,4.2,4.2,1
72,15,Colten Ellis,BUF,G,G,72,15,25,-6.8,-15.9,-15.9,,ACTIVE,0,,Backup,Backup,12.0,11.2,5.7,0.5,2.917,0.899,-1.7,-2.7,3
73,15,Nikke Kokko,,G,G,73,15,,-7.0,-16.3,-16.3,,ACTIVE,0,,Backup,Backup,15.0,12.0,4.0,0.4,3.12,0.915,5.8,-6.4,1
74,15,Vitek Vanecek,NYI,G,G,74,15,30,-7.0,-16.3,-16.3,,ACTIVE,0,,Backup,Backup,21.0,21.3,9.7,0.7,3.153,0.889,-9.1,-9.7,3
75,15,Calvin Pickard,MIN,G,G,75,15,34,-7.1,-16.5,-16.5,,ACTIVE,0,,Backup,Backup,10.0,9.5,4.6,0.5,2.855,0.894,-2.6,-1.5,2
76,15,James Reimer,,G,G,76,15,,-7.1,-16.6,-16.6,,ACTIVE,0,,Backup,Backup,9.0,8.0,3.0,0.5,2.59,0.894,-1.9,0.9,1
77,15,Pheonix Copley,CBJ,G,G,77,15,34,-7.2,-16.8,-16.8,,ACTIVE,0,,Backup,Backup,10.0,9.0,4.0,0.4,3.0,0.903,-0.2,-3.0,1
78,15,Jonas Johansson,TBL,G,G,78,15,31,-7.3,-17.1,-17.1,,ACTIVE,0,,Backup,Backup,10.0,9.5,4.6,0.4,3.06,0.894,-2.6,-3.5,2
79,15,Arvid Soderblom,CHI,G,G,79,15,27,-7.4,-17.3,-17.3,,ACTIVE,0,,Backup,Backup,27.0,27.3,11.5,0.8,3.287,0.887,-13.5,-16.1,3
80,15,Dylan Garand,NYR,G,G,80,15,24,-7.6,-17.6,-17.6,,ACTIVE,0,,Backup,Backup,9.0,8.0,3.0,0.3,3.07,0.901,-0.7,-3.4,1
